published,confidence,water_key,water_name,station_abbrev,station_name,water_source,distance_miles,name_similarity,match_score
True,high,atlas-1323,Uncompahgre River,UNCBRRCO,"UNCOMPAHGRE RIVER BELOW RIDGWAY RESERVOIR, CO",UNCOMPAHGRE RIVER,0.3,1.0,0.972
False,high,atlas-1333,Arkansas River,ARKPUECO,ARKANSAS RIVER ABOVE PUEBLO,ARKANSAS RIVER,0.11,1.0,0.989
False,high,atlas-1333,Arkansas River,1400738A,PUEBLO FISH HATCHERY OUTFLOW,ARKANSAS RIVER,0.5,1.0,0.954
True,high,atlas-1338,Dolores River,DOLDOLCO,DOLORES RIVER AT DOLORES,DOLORES RIVER,0.63,1.0,0.941
False,high,atlas-1359,South Platte River,LNBC10CO,LITTLETON BOAT CHUTE NO 10,SOUTH PLATTE RIVER,1.22,1.0,0.886
False,high,atlas-1359,South Platte River,PLACHACO,SOUTH PLATTE RIVER BELOW CHATFIELD RESERVOIR,SOUTH PLATTE RIVER,2.08,1.0,0.806
False,review,atlas-1372,"South Platte River, North Fork",PLASPLCO,SOUTH PLATTE RIVER AT SOUTH PLATTE,SOUTH PLATTE RIVER,2.78,0.72,0.538
False,review,atlas-1424,South Platte River,PLAGEOCO,"SOUTH PLATTE RIVER NEAR LAKE GEORGE, CO.",SOUTH PLATTE RIVER,2.94,1.0,0.725
False,high,atlas-1432,Animas River,ANIALPCO,"ANIMAS RIVER BLW DURANGO PUMP PLANT NR DURANGO, CO",ANIMAS RIVER,1.03,1.0,0.904
False,high,atlas-1432,Animas River,ANIDURCO,"ANIMAS RIVER AT DURANGO, CO",ANIMAS RIVER,1.25,1.0,0.884
True,high,atlas-1444,San Juan River,SANPAGCO,"SAN JUAN RIVER AT PAGOSA SPRINGS, CO",SAN JUAN RIVER,0.67,1.0,0.937
True,high,atlas-1731,Rifle Creek,RIFRGRCO,RIFLE CREEK BELOW RIFLE GAP RESERVOIR,RIFLE CREEK,0.25,1.0,0.977
False,review,atlas-1731,Rifle Creek,WESRIFCO,WEST RIFLE CREEK ABOVE RIFLE GAP RESERVOIR,WEST RIFLE CREEK,1.7,0.6,0.554
False,review,atlas-1731,Rifle Creek,ERIRGRCO,EAST RIFLE CREEK ABOVE RIFLE GAP RESERVOIR,EAST RIFLE CREEK,1.74,0.6,0.55
True,high,atlas-1788,Blue River,BLUNINCO,BLUE RIVER AT HIGHWAY 9 BRIDGE BELOW BRECKENRIDGE,BLUE RIVER,2.18,1.0,0.797
True,high,atlas-1794,Uncompahgre River,UNCBRRCO,"UNCOMPAHGRE RIVER BELOW RIDGWAY RESERVOIR, CO",UNCOMPAHGRE RIVER,0.3,1.0,0.972
True,high,atlas-615,Dolores River,DOLDOLCO,DOLORES RIVER AT DOLORES,DOLORES RIVER,0.63,1.0,0.941
True,high,atlas-653,Yampa River,YAMBSRCO,"YAMPA RIVER BELOW STAGECOACH RESERVOIR, CO",YAMPA RIVER,1.49,1.0,0.861
False,review,atlas-watercode-10241,Boulder Creek,BOCOROCO,"BOULDER CREEK NEAR ORODELL, CO.",BOULDER CREEK,2.94,1.0,0.725
True,high,atlas-watercode-10316,"Boulder Creek, South",BOCPINCO,SOUTH BOULDER CREEK ABOVE GROSS RESERVOIR AT PINECLIFFE,SOUTH BOULDER CREEK,1.14,1.0,0.893
False,review,atlas-watercode-10316,"Boulder Creek, South",BOCBGRCO,SOUTH BOULDER CREEK BELOW GROSS RESERVOIR,SOUTH BOULDER CREEK,2.86,1.0,0.733
True,high,atlas-watercode-10506,Chicago Creek,CHIDEVCO,CHICAGO CREEK BLW DEVILS CANYON NR IDAHO SPRGS C,CHICAGO CREEK,2.14,1.0,0.8
True,high,atlas-watercode-10532,Clear Creek,CLELAWCO,"CLEAR CREEK NEAR LAWSON, CO",CLEAR CREEK,1.41,1.0,0.869
True,high,atlas-watercode-10968,Left Hand Creek,LEFTHOCO,"LEFT HAND CREEK AT HOVER ROAD NEAR LONGMONT, CO",LEFT HAND CREEK,0.62,1.0,0.942
True,high,atlas-watercode-11033,Boulder Creek,BOCBROCO,BOULDER CREEK BELOW BROADWAY STREET,BOULDER CREEK,0.88,1.0,0.918
False,high,atlas-watercode-11033,Boulder Creek,BOCOROCO,"BOULDER CREEK NEAR ORODELL, CO.",BOULDER CREEK,1.93,1.0,0.82
True,high,atlas-watercode-11596,Michigan River,MICWLDCO,"MICHIGAN RIVER AT WALDEN, CO.",MICHIGAN RIVER,1.89,1.0,0.823
False,review,atlas-watercode-11938,"Poudre River, North Fork #5",CLANSECO,NORTH FORK CACHE LA POUDRE RIVER BELOW SEAMAN RESERVOIR,NORTH FORK CACHE LA POUDRE RIVER,0.47,0.655,0.708
False,review,atlas-watercode-11988,"Cache la Poudre River, North Fork",CLANSECO,NORTH FORK CACHE LA POUDRE RIVER BELOW SEAMAN RESERVOIR,NORTH FORK CACHE LA POUDRE RIVER,2.68,1.0,0.75
True,high,atlas-watercode-12168,Middle St. Vrain Creek,MIDSTECO,MIDDLE SAINT VRAIN AT PEACEFUL VALLEY,MIDDLE SAINT VRAIN CREEK,0.09,0.818,0.86
False,review,atlas-watercode-12168,Middle St. Vrain Creek,SSVWARCO,SOUTH SAINT VRAIN NEAR WARD,SOUTH SAINT VRAIN CREEK,2.69,0.562,0.434
False,review,atlas-watercode-12358,Big Thompson River,BTNFDRCO,"NORTH FORK BIG THOMPSON RIVER AT DRAKE, CO.",NORTH FORK BIG THOMPSON RIVER,0.97,0.72,0.708
True,high,atlas-watercode-12384,"Thompson River, Big North Fork",BTNFDRCO,"NORTH FORK BIG THOMPSON RIVER AT DRAKE, CO.",NORTH FORK BIG THOMPSON RIVER,0.07,1.0,0.994
True,high,atlas-watercode-18950,Chicago Creek,CHIIDSCO,CHICAGO CREEK BELOW IDAHO SPRINGS RESERVOIR,CHICAGO CREEK,1.39,1.0,0.87
True,high,atlas-watercode-20355,Fraser River,FRAWINCO,"FRASER RIVER AT WINTER PARK, CO.",FRASER RIVER,1.7,1.0,0.841
True,high,atlas-watercode-20406,Fryingpan River,FRYMERCO,"FRYINGPAN RIVER AT MEREDITH, CO.",FRYINGPAN RIVER,0.14,1.0,0.987
False,review,atlas-watercode-20420,"Fryingpan River, North Fork",FRYNFNCO,"NORTH FORK FRYINGPAN RIVER NEAR NORRIE, CO.",NORTH FORK FRYINGPAN RIVER,2.93,1.0,0.726
True,high,atlas-watercode-20482,Gore Creek,GORCRECO,"GORE CREEK AT MOUTH NEAR MINTURN, CO",GORE CREEK,0.46,1.0,0.958
True,high,atlas-watercode-21236,Bear River,BERBBLCO,BEAR RIVER BELOW BEAR LAKE,BEAR RIVER,1.67,1.0,0.844
False,review,atlas-watercode-21371,North Inlet,NORINLET,NORTH INLET CREEK,NORTH INLET,2.79,1.0,0.739
False,review,atlas-watercode-21989,"Snake River, North Fork",SNAMONCO,"SNAKE RIVER NEAR MONTEZUMA, CO.",SNAKE RIVER,2.45,0.562,0.456
False,review,atlas-watercode-21989,"Snake River, North Fork",SNAKEYCO,SNAKE RIVER AT KEYSTONE SKI AREA,SNAKE RIVER,2.78,0.562,0.425
True,high,atlas-watercode-22626,Walton Creek,WLTNCKCO,"WALTON CREEK NEAR STEAMBOAT SPRINGS, CO.",WALTON CREEK,1.89,1.0,0.823
True,high,atlas-watercode-23204,Gore Creek,GORUPPCO,"GORE CREEK AT UPPER STATION, NEAR MINTURN, CO.",GORE CREEK,0.92,1.0,0.914
False,high,atlas-watercode-23228,Homestake Creek,HOMOUTCO,HOMESTAKE RESERVOIR (OUTFLOW),HOMESTAKE CREEK,1.31,1.0,0.878
False,high,atlas-watercode-23228,Homestake Creek,HOMOUTCO,HOMESTAKE RESERVOIR (OUTFLOW),HOMESTAKE CREEK,1.31,1.0,0.878
False,high,atlas-watercode-23228,Homestake Creek,HOMGOLCO,"HOMESTAKE CREEK AT GOLD PARK, CO.",HOMESTAKE CREEK,1.75,1.0,0.837
True,high,atlas-watercode-24454,Rocky Fork Creek,RFCMERCO,"ROCKY FORK CREEK NEAR MEREDITH, CO.",ROCKY FORK CREEK,0.78,1.0,0.927
True,high,atlas-watercode-27599,Fryingpan River,FRYIVLCO,"FRYINGPAN RIVER NEAR IVANHOE LAKE, CO.",FRYINGPAN RIVER,1.23,1.0,0.885
False,review,atlas-watercode-29480,Cottonwood Creek,COCRHSCO,COTTONWOOD CREEK BELOW HOT SPRINGS,COTTONWOOD CREEK,2.84,1.0,0.735
False,review,atlas-watercode-29480,Cottonwood Creek,COCRBVCO,COTTONWOOD CREEK NEAR BUENA VISTA,COTTONWOOD CREEK,2.85,1.0,0.734
False,review,atlas-watercode-29492,"Cottonwood Creek, Middle",MCWCRLCO,MIDDLE COTTONWOOD CREEK BELOW RAINBOW LAKE,SOUTH COTTONWOOD CREEK,2.82,0.651,0.485
False,review,atlas-watercode-29492,"Cottonwood Creek, Middle",SOCWCRCO,SOUTH COTTONWOOD CREEK BELOW COTTONWOOD RESERVOIR,SOUTH COTTONWOOD CREEK,2.88,0.6,0.444
True,high,atlas-watercode-29771,Fourmile Creek,FOUHARCO,FOUR MILE CREEK NEAR HARTSEL,FOURMILE CREEK,0.72,1.0,0.932
True,high,atlas-watercode-29783,French Creek,FRNCRKCO,FRENCH CREEK ABOVE CONFLUENCE WITH MICHIGAN CREEK,FRENCH CREEK,1.16,1.0,0.891
False,review,atlas-watercode-30813,"South Platte River, South Fork",MFKSTMCO,MIDDLE FORK SOUTH PLATTE AT SANTA MARIA,MIDDLE FORK SOUTH PLATTE RIVER,2.41,0.697,0.557
True,high,atlas-watercode-30825,"South Platte River, South Fork",SFKANTCO,SOUTH FORK OF SOUTH PLATTE ABOVE ANTERO,SOUTH FORK SOUTH PLATTE RIVER,0.78,1.0,0.927
True,high,atlas-watercode-30875,"South Platte River, Middle Fork",MFKBLMCO,MIDDLE FORK SOUTH PLATTE BELOW MONTGOMERY RESERVOIR NEAR ALMA,MIDDLE FORK SOUTH PLATTE RIVER,1.91,1.0,0.822
False,review,atlas-watercode-30875,"South Platte River, Middle Fork",MFKABMCO,MIDDLE FORK SOUTH PLATTE ABOVE MONTGOMERY RESERVOIR NEAR ALMA,MIDDLE FORK SOUTH PLATTE RIVER,2.5,1.0,0.767
True,high,atlas-watercode-31390,"South Platte River, Middle Fork",MFKSTMCO,MIDDLE FORK SOUTH PLATTE AT SANTA MARIA,MIDDLE FORK SOUTH PLATTE RIVER,1.62,1.0,0.849
True,high,atlas-watercode-32641,"South Platte River, Middle Fork",MFKSTMCO,MIDDLE FORK SOUTH PLATTE AT SANTA MARIA,MIDDLE FORK SOUTH PLATTE RIVER,1.96,1.0,0.817
False,high,atlas-watercode-37994,Animas River,ANIALPCO,"ANIMAS RIVER BLW DURANGO PUMP PLANT NR DURANGO, CO",ANIMAS RIVER,0.9,1.0,0.916
False,high,atlas-watercode-37994,Animas River,ANIDURCO,"ANIMAS RIVER AT DURANGO, CO",ANIMAS RIVER,1.26,1.0,0.883
False,review,atlas-watercode-40262,"Leroux Creek, West Fork",LRASMICO,LEROUX CREEK ABOVE CARL SMITH RESERVOIR,LEROUX CREEK,2.95,0.635,0.462
True,high,atlas-watercode-42527,Rio Grande River,RIODELCO,"RIO GRANDE NEAR DEL NORTE, CO",RIO GRANDE,1.26,1.0,0.883
False,review,atlas-watercode-42983,"San Miguel River, Lake Fork",SFSANOCO,"SOUTH FORK SAN MIGUEL RIVER NEAR OPHIR, CO",SOUTH FORK SAN MIGUEL RIVER,2.23,0.581,0.49
True,high,atlas-watercode-43531,Taylor River,TAYBERCO,"TAYLOR RIVER BELOW TAYLOR PARK RESERVOIR, CO.",TAYLOR RIVER,0.35,1.0,0.967
False,review,atlas-watercode-45282,La Jara Creek,LAJCAPCO,LAJARA CREEK AT GALLEGOS RANCH NEAR CAPULIN,LA JARA CREEK,2.86,1.0,0.733
True,high,unmapped-17029fed3862,Colorado River,COLPARCO,COLORADO RIVER NEAR PARSHALL BELOW W.F. CONFLUENCE,COLORADO RIVER,0.1,1.0,0.99
True,high,unmapped-3294c965a757,North Platte River,NPLGATCO,"NORTH PLATTE RIVER NEAR NORTHGATE, CO",NORTH PLATTE RIVER,2.45,1.0,0.771
False,high,unmapped-45ae491cd5ec,South Platte River,PLAKASCO,SOUTH PLATTE RIVER AT LAST CHANCE DIVERSION NEAR KASSLER,SOUTH PLATTE RIVER,1.92,1.0,0.82
False,high,unmapped-45ae491cd5ec,South Platte River,PLASTRCO,SOUTH PLATTE RIVER BELOW STRONTIA SPRINGS,SOUTH PLATTE RIVER,2.41,1.0,0.775
False,review,unmapped-45ae491cd5ec,South Platte River,PLAWATCO,"SOUTH PLATTE RIVER AT WATERTON, CO.",SOUTH PLATTE RIVER,2.55,1.0,0.762
True,high,unmapped-69edc866a46c,Ivanhoe Creek,IVCRNACO,"IVANHOE CREEK NEAR NAST, CO.",IVANHOE CREEK,0.61,1.0,0.943
False,high,unmapped-69edc866a46c,Ivanhoe Creek,IVAOUTCO,IVANHOE LAKE OUTFLOW,IVANHOE CREEK,2.45,1.0,0.771
True,high,unmapped-fc3196187531,White River,WHIBUFCO,"WHITE RIVER BELOW N ELK CREEK NEAR BUFORD,CO",WHITE RIVER,0.45,1.0,0.958
